"","X1","X1_1","text","positivo","negativo"
"1",1,5,"igual muestra foto pedi talla ma quedo grande recomiendo pedir talla elastico adapta cuerpo u si recomiendo producto",1,0
"2",2,6,"porfavor traigan stock celeste talla u si recomiendo producto",1,0
"3",3,14,"elasticado realmente comodo piernas anchas siento adapta cuerpo uso siento desgana recomendable u si recomiendo producto",1,0
"4",4,20,"negro azul realmente encantan tela rigida comienzo pense iban quedar si dan",1,0
"5",5,23,"compre talla caderas anchas quedaron bien estiran pasar tiempo exceso u si recomiendo producto",1,0
"6",6,24,"buena calidad llevo meses usando problema destino ma normal primer lavado tan elasticados gusta u si recomiendo producto",1,0
"7",7,26,"pongo estrellas q publican comentario mala calidad primera postura subo qdo pretina mano",0,1
"8",8,29,"compre modelo celeste clarito tienda quedo perfecto luego pedi negro quedo ma ajustado tan elasticas uso quedo casi casi igual entonces recomiendo pedir talla ma color u si recomiendo producto",1,0
"9",9,32,"talla normalmente compre negro quedo super bien elasticado contenta compra",1,0
"10",10,36,"pedir talla ma justo cadera cintura perfecto u si recomiendo producto",1,0
"11",11,41,"pedi azul claro llego igual quede quedan lindos compre guie tabla comentarios quedaron bien u si recomiendo producto",1,0
"12",12,52,"lindos comodos digan modelo amy compra nombre unico azul oscuro mismo muestra imagen oscuro demas okay u si recomiendo producto",1,0
"13",13,56,"primera vez compro marca normalmente talla americanino aca queda perfecto u si recomiendo producto",1,0
"14",14,57,"compre blanco quede conforme tiro alto cae grueso delgado talla compre elasticado quedo perfecto mido quedo justo largo recomiendo u si recomiendo producto",1,0
"15",15,59,"compre talla hago siempre tambien guiandome tabla tallas pesimo quedaron super chicos recomiendo comprar talla ma habitual",0,1
"16",16,60,"encanto queda lindo puesto talla talla correcta aun elasticados queda bien u si recomiendo producto",1,0
"17",17,69,"lindo compre jeans negro talla quedo super bien compren talla ma talla menos ser talla exacta cae queda ajustado piernas arriba apreta super lindo uufef u si recomiendo producto",1,0
"18",18,78,"compre azul tal foto tela elasticada recomiendo pedir talla ma quede conforme",1,0
"19",19,80,"compre negro tal foto modelo pequeno siempre compro vez compre quedo chico justo tela tan elasticada u si recomiendo producto",0,1
"20",20,82,"bellos material genial detalles tal ven fotos u si recomiendo producto",1,0
"21",21,86,"compre negro quedo chico pedir talla ma u si recomiendo producto",1,0
"22",22,93,"lindos calce perfecto comodos u si recomiendo producto",0,0
"23",23,100,"mui comodo fresco tan pitillo da mayor comodidad u si recomiendo producto",1,0
"24",24,105,"lindo comodo igual foto talla normal doblado abajo puede sacar entonces queda ma largo puede usar dos formas",1,0
"25",25,106,"rajo primer dia use rodillas abrio tooodo",0,1
"26",26,111,"lindo calce modelo buen producto cintura u si recomiendo producto",1,0
"27",27,112,"yeans bonitos quedan bien comodos buen precio u si recomiendo producto",1,0
"28",28,120,"gustaron aunque mom ma bien pitillo uso talla compre blancos gruesos transparentan bueno elasticados tiro alto u si recomiendo producto",1,0
"29",29,124,"encontre estilo mom compre blanco talla compre quedara holgado quedo demasiado grande quedo chico asi cambiarlos modelo buena eleccion",0,1
"30",30,130,"talla compre talla azul quedaron super similar have chica fotos tiro alto cubren apenas ombligo si estilo tipo mom bonito calce llego dia esperado u si recomiendo producto",1,0
"31",31,131,"super comodo elasticado talla corresponde medias u si recomiendo producto",1,0
"32",32,136,"dos negro blanco blanco ma pequeno debi haber pedido talla ma queda jeans skinny bien bonitos buena calidad precio u si recomiendo producto",1,0
"33",33,139,"lindo calze comodo bien imposible sacar pelusas pegan demasiado",1,0
"34",34,143,"generalmente talla sybilla compre jeans talla quedo grande cintura unico malo demas bien u si recomiendo producto",1,0
"35",35,145,"tela ma bien gruesa super elasticada color negro recomendaria talla menos habitual u si recomiendo producto",1,0
"36",36,152,"rigidos ma invierno excelente calidad compre blanco negro u si recomiendo producto",1,0
"37",37,159,"encanto compre color azul queda lindo aunque tan estilo mom compre talla queda super bien tome cuenta comentarios super elasticados llegaron tiempo pronosticado super buen comprare blanco ahora",1,0
"38",38,169,"si ma largo seria perfecto ma jeans recto mom compre talla queda holgado",1,0
"39",39,172,"talla pedi misma talla color azul queda super bien creo despues tela dara si queda tan estilo mom tan sueltos piernas super lindos u si recomiendo producto",1,0
"40",40,179,"intente comprar semana pasada cancelaron intente vez ma hace dias vez si resulto jeans comodos tela elasticada fresca general uso talla asi talla pedi cintura quedaron ligeramente grandes piernas justos quedan mom jeans todas formas estan bien si piernas tan flaquitas caso consideraria comprar talla ma ajustar cinturon u si recomiendo producto",1,0
"41",41,182,"hermoso elasticado compre talla siempre quedaron super si quieres ma anchos usa talla ma u si recomiendo producto",1,0
"42",42,186,"compre jeans color azul talla corresponde segun tabla quedan bien material bueno color tal imagen buen regalo navideno compre mucha anticipacion encontre suerte tienda ma caro quede conforme u si recomiendo producto",1,0
"43",43,189,"general pantalon bonito tiro alto unico detalle ma bien ajustados cuerpo si buscas pantalon ma bien suelto sugiero pedir tallas ma pantalon queda foto queda ma ajustado aun",1,0
"44",44,190,"compre azul clarito tela elasticada comodos solo muslos anchos comprar talla ma tenia despacho enero llegaron hoy dic u si recomiendo producto",1,0
"45",45,191,"buena calidad comprarse talla menos super elasticados u si recomiendo producto",1,0
"46",46,192,"comodos lindos muslos anchos quedan mom bien elasticados u si recomiendo producto",1,0
"47",47,211,"lindos comodos color clarito compre talla recomiendo u si recomiendo producto",1,0
"48",48,216,"elasticados mom baratos compre azul negro u si recomiendo producto",1,0
"49",49,227,"comodo pedi talla habitual quedo bien aunque notum lavados ira estirando genial piernas queda justo bello despacho rapido pedi jueves llego hoy martes u si recomiendo producto",1,0
"50",50,228,"generamente talla comentarios habia comprarse talla ma lograr efecto mom jeans toda razon compre talla quedaron grandes cintura ajuste tutorial pinterest quedaron perfectos ame azules elasticados color igual foto negro tela ma dura atrapa pelusas u si recomiendo producto",1,0
"51",51,232,"encanto tela comodos u si recomiendo producto",1,0
"52",52,244,"compre azules leu medio ajustados solo piernas quedaron grandes lados gluteos solo ajustados piernas tendre ver ir cambiarlos ahora u si recomiendo producto",0,1
"53",53,247,"excelente calce tela horrible llena pelusas inmediato",0,1
"54",54,250,"encantaron si bien mom comodos tiro alto muuuuy elastica dos normalmente pedi quedaron grandes ahora pedi negro ver tal u si recomiendo producto",1,0
"55",55,253,"encanto tela espectacular quedan hermosos u si recomiendo producto",1,0
"56",56,258,"pantalon lindo compre color azul claro talla normal buena calidad u si recomiendo producto",1,0
"57",57,259,"lindo pantalon guie comentarios compre talla ma gran error quedo grande pantalon lindo buena calidad super elasticado compre azul u si recomiendo producto",1,0
"58",58,263,"compre negro ame talla calza perfecto quiero clarito si mismo tallaje leido q color cambia",1,0
"59",59,265,"compre talla siempre celeste negro quedaron perfectos tela gruesa comodos ahora quiero comprar blanco u si recomiendo producto",1,0
"60",60,266,"compre negro talla material ma grueso resto material hace pelusas adhieran facilidad notum ma minimo",0,1
"61",61,277,"tiro super alto comodo aunque queda mom queda lindo igual u si recomiendo producto",1,0
"62",62,282,"guie x comentarios talla sybilla compre quedaron perfectos bonitos u si recomiendo producto",1,0
"63",63,284,"verdad lindos incluso elasticados mom dicen quedan pantalones normales pitillos",1,0
"64",64,288,"jeans tiro alto guie comentarios compre talla menos quedaron ajustados piernas anchos jeans elasticado grueso tela aunque quedaron ma ajustados pensaba voy cambiar queda bonito calce",0,1
"65",65,291,"compre talla menos quedaron hermosos u si recomiendo producto",1,0
"66",66,298,"leu comentarios poder saber talla comprar reacia comprar talla menos pesar muchas recomendaban asi elegi talla suelo usar normalmente jeans azul quedo perfecto aconsejo comprar talla usan habituamente jeans tiro alto tapa ombligo sueltito abajo color tela precioso u si recomiendo producto",0,1
"67",67,301,"mom elasticado tiro alto material buena calidad menos azul talla quedo perfecto",1,0
"68",68,303,"buen jeans have totalmente mom jeans dejare medidas si alguna sirve estatura cadera cm cintura cm siempre sybilla compre vez leu comentarios habia comprar talla ma cintura quedado bien si cintura pequena recomiendo compres talla tipo strench tela elastica caida rectum tipica mom jeans lindo jeans hace bonota figura mom jeans u si recomiendo producto",1,0
"69",69,307,"pedir talla ma grande si quiered quede mom fit sino parece solo skinny jeans jajja",0,1
"70",70,311,"talla elegi talla comentarios leu mejor opcion queda casi estilo pitillo tela elasticada comoda queda lindo puesto verdad esperaba ma ancho ma largo mido quedo ma arriba tobillos u si recomiendo producto",1,0
"71",71,313,"super lindo compre azul talla siempre quedo ajustado arriba suelto abajo asi recomiendo si quieren quede suelto estilo mom compren dos talla ma normal u si recomiendo producto",1,0
"72",72,314,"guie comentarios pedir talla menos favorable caso cierra justo encontre tiro alto color hermoso u si recomiendo producto",1,0
"73",73,317,"hola skiny talla leido recomiendan comprar talla menos tinca talla pequena alguien skiny ayude diciendo si debo comorar mom graciss",0,1
"74",74,319,"jeans lindo normalmente talla pedi queda modelo ahora pedi quedara estilo skinny elasticado comodo u si recomiendo producto",1,0
"75",75,327,"compre negros tela atrapa pelusa have horrible recomiendo compra",0,1
"76",76,332,"talla quedo grande lleno motastodas pelusas pegan pantalon tampoco agrado calce jeans",0,1
"77",77,333,"alguien puede decir si color blanco transparenta si transparenta puede poner si si transparenta",1,0
"78",78,339,"jeans buena calidad gruesos strech unico malo vienen grandes asi si compran elijan talla menos acaban llegar pedi talla talla siempre quedaron bien cintura quedan sueltos comodos piernas queda holgado ser mom buena compra volveria comprar color azul u si recomiendo producto",1,0
"79",79,341,"traen modelo compre pantalon hace mes aproximadamente bajado peso estan quedando grandes compre talla ma normal ahora necesito talla real tienda online estan porfaaaaaaaaaaaaaaaa necesito massss bknes u si recomiendo producto",1,0
"80",80,342,"perfectos compre talla menos queda regio u si recomiendo producto",1,0
"81",81,343,"guie comentarios compre talla menos pedi pesar haber leido quedan mom jeans elasticados encantaron alto comodos color negro precioso guiense comentarios salvado varias u si recomiendo producto",1,0
"82",82,350,"mom rigidos elasticados entonces sueltan pedi talla normal quedaba grandes cambie tampoco gustaron quedan siguen sueltos",0,1
"83",83,352,"jeans tiro alto tela elasticada dura recordar tipo mom ende si quieres estilo pidan talla menos pedir talla siempre encantaron comodos u si recomiendo producto",1,0
"84",84,354,"buen calce generalmente ahora quedo perfecto u si recomiendo producto",1,0
"85",85,356,"bellos deberian traer ma tallas ma colores gustaria comprarlos u si recomiendo producto",1,0
"86",86,357,"lindo buen calce dicen demas comentarios ojala pedir talla menos menos color negro si ojo tela pega lamentablemente lindo jeans cualquier parte voy lavo llena peluzas",1,0
"87",87,359,"super comodos elasticados leu comentarios dicen pedir talla menos queda grande tipo pantalon asi pitillos pedi mom quedan super mom deben quedar talla cm cintura cm tiro cm caderas talla cm cintura cm cadera cm tiro espero sirva u si recomiendo producto",1,0
"88",88,366,"comodos compre talla menos regularmente compre quedaron super bien guante tela gruesa tampoco ma delgada termino medio color negro profundo foto mega recomiendo u si recomiendo producto",1,0
"89",89,371,"encantaron compre color negro hice caso comentarios compre talla menos quedaron super gustaron quedaran suelto estilo mom jeans si quieres queden ma apretados recomiendo tallas menos u si recomiendo producto",1,0
"90",90,375,"normalmente talla curvy hice caso comentarios compre talla quedo perfecto iba quedar grande cintura recomendacion talla menos usas normalmente",1,0
"91",91,380,"super elasticados buen calce normalmente talla compre quedo bueno recomiendo comprar talla menos usual u si recomiendo producto",1,0
"92",92,390,"chicas miren explico dicen escoger talla estilo mom queda apretado abajo aconsejo pidan talla menos ejemplo si pedir aunque parte abajo siga quedando ma suelto have bien asi estilo queda feo parte abdomen notum queda grande asique consideren si si recomiendo almenos talla menos deje guiar decian pidiera talla quedo raro abdomen color compre blanco u si recomiendo producto",0,1
"93",93,392,"dependiendo marca modelo voy talla cintura caderas aprox si bien queda bien tipo tela tambien habria venido asi parte si aconsejo talla menos modelo queda tipo mom jeans tampoco totalmente skinny diria punto medio u si recomiendo producto",1,0
"94",94,394,"cuidado pidan azul talla llega blanco lado lindo material buen fit mom ma ajustado",1,0
"95",95,395,"pedi azul tal sale foto tambien elasticado tiro alto recomiendo pidas talla normal u si recomiendo producto",1,0
"96",96,396,"compre numero talla creo igual vendria bien elasticados tiro alto tal foto parecer mom jeans igual lindos precio calidad bien u si recomiendo producto",1,0
"97",97,412,"leu varios comentarios recomendaban tallas menos si quieres quede mon compra talla normal dara buen calce talla mido preguntaban largo quedo justo uso cintura u si recomiendo producto",1,0
"98",98,415,"segui comentarios varias compre talla menos quedo perfecto calce bello encanto u si recomiendo producto",1,0
"99",99,417,"precio lindo compre azul talla quedo perfecto",1,0
"100",100,418,"lindos pedi talla quedan perfectos ma bien apretados recomendables u si recomiendo producto",1,0
"101",101,419,"compre talla habitual azul quedaron perfectos modelo holgado mom jeans ademas entrega rapida recomiendo u si recomiendo producto",1,0
"102",102,420,"malo calce pantalon usualmente compre quedo grande super sueltodefinitivamente mom jeans recomiendo si buscas mom fit",0,1
"103",103,421,"compre tonos compre talla quedaron grandes solo caderas quedo perfecto q elasticados blanco material azul mejor u si recomiendo producto",1,0
"104",104,422,"elasticado comprar talla normal jeans compre dos si moscas quedo grande panza agloba quedo bien mom acostumbramos ver epoca <U+00B4> ma ajustado piernas jeans recto lindo",1,0
"105",105,438,"buen calce comodos compre talla habitual u si recomiendo producto",1,0
"106",106,441,"pantalon bonito tela suave notum puede ceder algun momento talla pedi talla quedo bien si paso pedi color azul llego blanco asi gusto quedare pantalon super comodo u si recomiendo producto",1,0
"107",107,442,"compre talla negro azul poquito ma grandes q talla creo estan bien modelo recomendaria comprar talla menos porq mom jeans debe quedar holgado comodos tela denim u si recomiendo producto",1,0
"108",108,443,"talla ma grandenormalmente quedaron grandes ademas material gusto negro notum pegan pelusas pelos etc respecto color celeste mejor opinion notum adhieren pelusas",0,1
"109",109,451,"elegi azul talla llego color blanco pedir talla menos color quedo suelto tela gruesa suave unico bueno",0,1
"110",110,452,"compre color blanco tela suave trasluce compre talla comentarios quedo bien poquitito grande generalmente talla mom sueltos ma bien mom apretados ven super lindos puestos u si recomiendo producto",1,0
"111",111,454,"comodos pedi talla normal quedaron perfectos estilo mom sutil tiro alto ombligo voy negro u si recomiendo producto",1,0
"112",112,456,"lindos especiales buscamos mom solo mencionar dejen llevar comentarios guie tome talla equivocada uso talla pedi quejaban pequenos quedo talla ma grande u si recomiendo producto",1,0
"113",113,458,"comodo elasticado asi pedi talla quedo grande pedido elasticados quedan super bien u si recomiendo producto",1,0
"114",114,459,"compre talla general quedaron perfectos tan apretados sueltos gruesos elasticados excelente compra buena calidad precio u si recomiendo producto",1,0
"115",115,467,"tela ideal dias helados blanco trasluce aaauunque cuarentena p subi compre comentarios creo quedado perfecto recomendaria sip solo si gustan quedan bien tipo modelos mom u si recomiendo producto",1,0
"116",116,472,"problema comprar azul llegaron blancos parecer problema pagina buenos jeans compre talla menos quedan justos si quieres queden sueltitos mom debe ser misma talla u si recomiendo producto",0,1
"117",117,480,"tela gruesa suave comodos corte mom fit ma tradicional incluso angosto si buscan holgado prefieran talla ma grande definitiva marca u si recomiendo producto",1,0
"118",118,482,"compre quedo bien suelto apretado quizas notaria ma mom cintura quedado nadando tela elasticada quizas ma adelante quede ma suelto pueda lucir mejor u si recomiendo producto",1,0
"119",119,485,"talla asegure comprando quedo perfecta lindo calce mido quedan ombligo esperando vuelva stock celeste comprarlo u si recomiendo producto",1,0
"120",120,486,"encanto modelo estilo mom asi ma holgado talla asegure comprando quedo perfecto tela gruesa asi trasluce ropa interior doy u si recomiendo producto",1,0
"121",121,1237,"buen calce comodo tiro alto feliz compra",1,0
"122",122,1245,"tal ala foto elasticado talla pequena pedir talla ma si quieres quede tan ajustado",0,1
"123",123,1247,"tela moderadamente elasticada comoda malo skinny compre talla ma aun asi quedo ajustado muslos gemelos aun asi color muu lindo tal imagenes u si recomiendo producto",0,1
"124",124,1252,"compro celeste tal medidas die tabla comprar talla ma seria gran utilidad si contestaran gracias",0,1
"125",125,1255,"lindo material mala calidad rigido modelo gusto",0,1
"126",126,1259,"blanco transluce delgado comodo verano u si recomiendo producto",1,0
"127",127,1262,"compre talla quedo apretado elasticado comprare talla ma darian hacer cambio llame u si recomiendo producto",0,1
"128",128,1265,"normalmente talla jeans compre talla ma q sub siempre ma chicos comunmente quedaron super ancha caderas muslos quedaron ajustados bien elacticados negro tan oscuro compre negro azul precio q decir u si recomiendo producto",0,1
"129",129,1268,"compre negro talla quedo super bien modelo amy u si recomiendo producto",1,0
"130",130,1269,"encanto comodos talla perfecta compre uso siempre quedaron bien excelente compra entrega rapida u si recomiendo producto",1,0
"131",131,1271,"comodos habia comprado nunca marca encontre buscaba blanco rasgado tiro alto ademas llegaron fecha estipulada asi felizu u si recomiendo producto",1,0
"132",132,1278,"compre celeste negro ambos talla celeste quedo perfecto decir negro quedo ajustado corto tiro cambiar aparentemente telas distintas celeste ma docil elasticada cambio negro ma tiesa elasticada asi recomiendo si van comprar celeste compren talla corresponde negro dos tallas ma",1,0
"133",133,1285,"hace mes metiendome pagina viendo vuelven subir talla preciosos jeans favoritos u si recomiendo producto",1,0
"134",134,1288,"varios jeans marca modelo amy primera vez compro comentarios compre todas formas quedo ajustado tiro medio",1,0
"135",135,1295,"gusto pantalon unico problema tiro alto die si ma bien tiro medio ademas aprieta cintura escogi diseno color lindos llego semana u si recomiendo producto",1,0
"136",136,1296,"encanta diseno super comodo usar cierra bien compre talla quedo super u si recomiendo producto",1,0
"137",137,1298,"lindo adapta cuerpo si tiro alto sino ma bien tiro medio compre cintura cm quedo bien u si recomiendo producto",1,0
"138",138,1299,"compre dos celeste negro cunadas quedaron pequenos marca queda bien asi recomiendo pedir talla ma incluso dos u si recomiendo producto",1,0
"139",139,1306,"escogi negro tela buena calidad llego perfectas condiciones u si recomiendo producto",1,0
"140",140,1307,"compre segun tabla tallas perfecto ven bonitos u si recomiendo producto",1,0
"141",141,1309,"comodo delgado bastante abrigador negro imagenes azul oscuro negro u si recomiendo producto",1,0
"142",142,1313,"compre negros azul claro tal foto pedi talla ma quedaron perfectos u si recomiendo producto",1,0
"143",143,1317,"lindo tela elasticado aplasta trasero queda apretado asi recomienda pedir talla ma asi queda mejor",1,0
"144",144,1318,"compre jeans negro lindo horma pequena ma mes aun puedo cambiarlo",1,0
"145",145,1321,"leu comentarios compre talla ma quedan super bien ajustados gruesos encantaron comodos u si recomiendo producto",1,0
"146",146,1322,"queda perfecto pesar ser elasticado tela gruesa",1,0
"147",147,1331,"siempre compro pantalones marca sybilla embargo modelo particular amy ma pequeno compre quedo muuuy apretado recomiendo comprar talla ma si estan compren ma grande elasticado ajusta bien cuerpo color igual imagenes si u si recomiendo producto",0,1
"148",148,1337,"elasticado gusto color calce",1,0
"149",149,1429,"chile cuarentena pongan prendas despacho quiero pantalones puedo pedirlos",0,1
"150",150,1431,"compre celeste oscuro talla quedo bien volvi comprar color negro talla quedo chico jaja entiendo tallas",1,0
"151",151,1437,"calidad tela mala lleno notas primer uso ademas dio tallas peor compra vida",0,1
"152",152,1440,"jeans super comodos excelente calce tiro alto semi elasticados creo mom jeans tiro alto anchos ajuste normal quedan super bien tiro alto u si recomiendo producto",1,0
"153",153,1442,"talla correcta grande estilo mom asi novan quedar oversize van ver ma anchos ocupo talla quedaron jeans normales recto",0,1
"154",154,1450,"tremendo lantalon comodo gran calce quisiera colores stock u si recomiendo producto",1,0
"155",155,1461,"comodo favor repongan ma azules talla u si recomiendo producto",1,0
"156",156,1462,"jeans mom stretch tan ajustados ninguna parte die tela super gruesa invierno usualmente talla asi tabla tallas guie quedaron super queria asi igual fome producto",1,0
"157",157,1465,"hermoso coml queda mom repongan tallas azul favor u si recomiendo producto",1,0
"158",158,1468,"guie tabla comprar quedo regio arriba corto casi tobillo mido u si recomiendo producto",1,0
"159",159,1471,"compre color azul encanto calce lindo tela suave elasticado gusto compre negro siente igual tela ma rigida gruesa queda ma apretado igual quedo considerando precio estan buenos u si recomiendo producto",1,0
"160",160,1473,"acostumbro comprar talla pantalones marca sybilla calce juvenil ma grandes comun pedir talla menos acostumbrada quedaron gigantes",0,1
"161",161,1476,"normalmente compro talla calza perfecto quedo grande entra mano entera cintura",1,0
"162",162,1477,"queda lindo talla pedi quedo grande kjksjdkj tenia fecha entrega llego igual medio elasticado parecer u si recomiendo producto",1,0
"163",163,1478,"compre celeste negro celeste full elasticado comodo negro iman pelusas tela rigida fracaso",1,0
"164",164,1481,"calce perfecto demasiado comodos peguen pelusas guardo reves",1,0
"165",165,1482,"pantalones compre tienda pandemia podian probar ver talla queda mejor ser mom talla quedaron holgados preferi comprar encantaron quedan super bien aun uso agrandando azules ahora compre negro u si recomiendo producto",0,1
"166",166,1483,"encantan comodos sujetan bien rollito molesto talla compre talla negro tela ma dura color hija talla compre color azul quedaron super ajustaditos sueltos si quieren queden sueltos compren talla ma ojo compre tienda probarlos solo ojo u si recomiendo producto",1,0
"167",167,1485,"talla quiero mom jeans ajustados cuerpo pedi ocupo cinturon ven bastante bien sueltecitos debe quedar mom si quieren pegado cuerpo tipo skinny pescador pidan talla original u si recomiendo producto",1,0
"168",168,1486,"comodos buena calidad gruesos delgados compren talla normal si quieren queden full sueltos recomiendo talla ma ojo puede quede suelto cintura compre celeste bellos dieron ganas comprarme negros tambien recomendados u si recomiendo producto",1,0
"169",169,1496,"general tabla tallas suponia igual manera pedi quedara suelto cosa asi quedo justo suelto igual lindo llego esperado",1,0
"170",170,1498,"comodo elasticado quede mon deben comprar talla ma normalmente compre quedo super comodo suelto u si recomiendo producto",1,0
"171",171,1502,"compre celeste cobraron inmediatamente dos dias despues cancelan compra entiendo aceptan compras si stock u si recomiendo producto",0,1
"172",172,1508,"compre negro talla dependiendo marca quedo suelto solucionable correa honestamente encontre super lindo altas queda super corto considerarlo gran desventaja llena pelospelusas onda demasiado volveria comprar",1,0
"173",173,1510,"comodo buena hechura suelta horas uso precio bien u si recomiendo producto",1,0
"174",174,1511,"andaba buscando anchos tiro alto gruesos mejor bolsillos adelante atras u si recomiendo producto",1,0
"175",175,1512,"bonito modelo comprar talla ma u si recomiendo producto",1,0
"176",176,1514,"primera vez compro jeans tipo uso solo skinny recibi hoy lindo pedi quedo perfecto recomiendo pedir talla menos ser quieran super suelto u si recomiendo producto",1,0
"177",177,1520,"queda perfecto talla compre talla peroo pegan todas pelusas negro recomiendo",1,0
"178",178,1521,"mom jeans comprar talla menos",0,1
"179",179,1522,"tal espaba l calidad buenisima resistente mezclilla gruesa talla compre quedo ma perfecto ajustado cintura cadera holgado pantorrilla aunque igual apitillado comodo queda genial usarlo camisas poleras dentro pantalon recomendado u si recomiendo producto",1,0
"180",180,1523,"talla habia talla compre quedo bien modelo foto realmente mismo color azul grueso liviano elasticado buen calce recomiendo escoger misma talla ademas vez pones empieza dar u si recomiendo producto",1,0
"181",181,1528,"ideal llevalos puestos viajes largos versatiles toda ocasion acabo comprar segundo si talla amplia mejor comprar menos u si recomiendo producto",1,0
"182",182,1530,"compre color blanco tela gruesa trasluce compre talla siempre queda buen calce u si recomiendo producto",1,0
"183",183,1533,"hermoso compre negro talla elasticado queda perfect quedo tipo mom jeans unico pega todas pelusas grueso comodo u si recomiendo producto",1,0
"184",184,1534,"comodo lindo queda hermoso u si recomiendo producto",1,0
"185",185,1540,"comodo talla guiandome comentarios compre talla ma queda holgado elasticado notum estirara sugeriria comprar talla habitual altura ombligo volvere comprar stock u si recomiendo producto",1,0
"186",186,1549,"encanto bello super comodo compre jeans color azul tela super elastica recomiendo u si recomiendo producto",1,0
"187",187,1550,"tela jeans elasticada compre talla regular queda mom jeans solo queda pantalon regular bonito igual esperaba aunque precio bien",1,0
"188",188,1558,"acaban llegar compre talla quedan perfectos comodos bellos si tan mom jeans u si recomiendo producto",1,0
"189",189,1564,"compre azules preciosos comodos ser mom ma ajustados compre talla normal quedaron bien si comprado talla menos quedarian apretados u si recomiendo producto",1,0
"190",190,1566,"compre negro talla quedo super tiro alto buena tela feliz",1,0
"191",191,1569,"compre jeans azul habia leido comentarios cintura pequeno asi cambie producto talla utilizo t quedo excelente material buena calidad elasticado quedo largo gusta queda doblez mido u si recomiendo producto",0,1
"192",192,1575,"encanto pedi talla negro super elasticado talla correcta tallas pequenas parece mom jeans si muchas piernas queda justo quizas alguien quede ma holgado vea mom jeans buena tela grueso elasticado quiero azul recomiendo u si recomiendo producto",1,0
"193",193,1576,"modelo megan mom menos compre talla mido queda super comodo ven tobillos gusto haberlo comprado ojo pedi talla siempre u si recomiendo producto",1,0
"194",194,1587,"bonitos echo perder cierre primer uso",0,1
"195",195,1589,"lindo color super elasticado encanto mejor tiro alto u si recomiendo producto",1,0
"196",196,1595,"quedo perfecto general asi pedi talla elasticado mundo comodo ahora si quieres quede apretado apretado compra talla menos si quieres quede normal suelto pide talla uufef",1,0
"197",197,1598,"compre azul talla talla regular sybilla quedo super recomiendo comprar talla menos si suuuper acinturadas si talla regular queda perfecta u si recomiendo producto",1,0
"198",198,1601,"generalmente pantalon negro compre talla quedo ajustado arriba parte abajo pierna quedo suelto ma arriba tobillo doblez azul decidi comprarlo talla quedo super calce bonito tambien tiro alto tela comoda ambos elasticados quedan mom completamente personal prefiero talla ma uso generalmente",1,0
"199",199,1604,"mom talla pedi quedaran grandes quedaron justos mom",0,1
"200",200,1605,"generalmente compro sybilla ahora compre quedaran ma sueltos buena idea consideracion piernas ma rellenitas tal vez si quieren ma sueltos deben comprar talla ma estilo mom creo amplios cintura entonces podrian quedar sueltos u si recomiendo producto",1,0
"201",201,1611,"segui comentarios anteriores compre talla menos quedaron perfectos solo ma apretados cintura tela elastica corte pantalon hermoso encanto u si recomiendo producto",1,0
"202",202,1612,"talla talla corresponde poquito suelta aunque modelo mom jeans creo bien tela rigida suave encanto u si recomiendo producto",1,0
"203",203,1620,"recibi negro esperando claro guie comentarios compre talla normalmente pense mom jeans real onda algodon elasticado tela elasticada tiempo va cediendo jeans sybilla misma tela super incomodo mande tomar vez asi siguio dando calce raro carteras toscas hacen ver parte atras caida precio okay prefiero jeans basement altura si devolverlo cambiarlo",0,1
"204",204,1623,"lindo color celeste apretado compre talla jam<e1>s mom jeans pantalon apretado cintura tipicos creo comprandome dos tallas ma cumpliria elasticado u si recomiendo producto",1,0
"205",205,1627,"compre azul talla ma pedi quedo suelto cintura gustado pompas piernas creo sirve chaparritas quedan mom tela super rica comoda u si recomiendo producto",0,1
"206",206,1631,"tenia mucha fe quedan lindos pedi talla menos quedo perfecto debo admitir comodos tiro alto justo termina ombligo color solo poquito ma oscuro foto u si recomiendo producto",1,0
"207",207,1633,"color azul quede mom comprar talla ma talla talla ma",0,1
"208",208,1636,"ayuda confunde si compro azul ser talla talla normal mido si talla menos marque si nl si talla agradeceria",0,1
"209",209,1638,"chicas recomiendo azul lindo normalmente talla pedi quedo perfecto viene dobles puedes bajar queda ma largo llego tiempo color tal foto asi animense super lindo u si recomiendo producto",1,0
"210",210,1646,"compre blanco negro puedo usar ambos queda ma comodo asi creo mejor comprar talla menos lindos tiro super alto apretados piernas u si recomiendo producto",1,0
"211",211,1649,"compren talla menos super tiro alto comodos u si recomiendo producto",1,0
"212",212,1652,"comodos talla hice caso comentarios compre quedaron bien unico malo negros llenan pelusas asi final quede tan conforme compra recomiendo comprar colores",1,0
"213",213,1659,"pense jeans serian mom talla pedi quedara uuuultra sueltos llegaron di cuenta apretados aparece calce mom strech embargo bueno baratisimos notum buena calidad aun elasticados llegaron dia compra si recomendar jeans mom sino calce lindo esperaba ser talla sueltos u si recomiendo producto",0,1
"214",214,1660,"tela gruesa elasticada tiro alto altura ombligo ajustados ser mom jeans ven lindos igual quizas talla ma quedaria ma mom jeans cintura seria ancha u si recomiendo producto",1,0
"215",215,1664,"talla quedaron grandes cintura cadera recomiendo talla menos u si recomiendo producto",1,0
"216",216,1666,"compre negros azules creo mom propiamente tal bonitos pedi quedaron super talla negros pega si pelusas pelos etc solo mirarlos azules tela jeans bonitos creo precio super u si recomiendo producto",1,0
"217",217,1668,"lindo escoge talla ma usas elasticados u si recomiendo producto",1,0
"218",218,1680,"realmente comodos tiro extra largo tela eslasticada gruesa menos negros sueltos pierna talla leyendo comentario pedi quedaron perfectos creo existian azul estan realmente recomendados",1,0
"219",219,1684,"siempre talla siempre siempre leu comentarios decian pedir talla menos asi pedi quedaron super pequenos queda foto sueltos demasiado comodos recomiendo totalmente",0,1
"220",220,1691,"normalmente compro talla quedo enorme asi recomiendo comprar talla menos mom jeans caen",0,1
"221",221,1693,"demasiado grande recomiendo talla menos material negro jeans ma bien grueso elastico recomiendo asi jeans claro queda bien material rico aunque tambien recomiendo talla menos",0,1
"222",222,1699,"pedi azul incluso ma lindo foto suuper elastica dos normalmente uso talla veces quise arriesgar pedi verdad quedaron super sueltos estilo mom jeans asi have raro quede tan suelto area abdomen bajo creo andado super ahora encargare negro u si recomiendo producto",1,0
"223",223,1702,"llego dia correspondia compre azul claro negro super comodos buen calce talla pedi quedaron perfectos u si recomiendo producto",1,0
"224",224,1708,"chicas jeans hermoso compren talla normal pedi primero azul talla habitual quedo perfecto mom jeans sueltecito pedi ahora negro comentarios queda ajustado ma jeans normalsi quieren mom recomiendo comprar talla habitual u si recomiendo producto",1,0
"225",225,1713,"quedan arriba ombligo tela elasticada super bien preciocalidad gustaron harto",1,0
"226",226,1714,"normalmente talla hice caso comentarios compre talla quedan super cintura suelto piernas comodos",1,0
"227",227,1717,"azul ma oscuro muestra foto sienta bien pedir tallas menos elasticado",1,0
"228",228,1720,"llego tiempo bonito comprarse talla menos u si recomiendo producto",1,0
"229",229,1722,"encanto pedi azul clarito pedi talla menos quedo bien u si recomiendo producto",1,0
"230",230,1731,"principio sentia suave elasticada va cediendo adicional pega pelusas pelo lave peor",0,1
"231",231,1741,"compre blanco negro usualmente talla literal caen recomiendo comprar tallas menos blanco pegan pelusas pelitos perrogato comparacion telas jeans comodos delgados gruesos recomiendo mil u si recomiendo producto",0,1
"232",232,1743,"encantoo elasticado pedi talla menos quedo comodo lindo incluso si pedido tallas menos entrado bien recomiendo precio uba buena compra u si recomiendo producto",1,0
"233",233,1744,"amigas hagan caso comentarios jeans ancho x q mom q pedir talla normal q qde mom si quieren ma apegado caso talla menos olgado qda bien u si recomiendo producto",0,1
"234",234,1745,"pantalon bonito llego rapido considerar talla menos grande quedo grande parece u si recomiendo producto",1,0
"235",235,1747,"amo pantalones termine comprando colores general cintura caderas compre quedaba finalmente cambie formaban unas bolsas pese ser estilo mom gusto ma excelente compra precio buena calidad tela u si recomiendo producto",1,0
"236",236,1748,"color azul igual foto normalmente pedi quedo super suelto cintura recomiendo pedir talla menos quizas u si recomiendo producto",0,1
"237",237,1749,"comprar tallas menos pedi queda grande tan elastico recomiendo pedir",0,1
"238",238,1750,"compre dos colores azul negro talla quedo super grande cintura debi haber pedido ajustado piernas ser mom raro tan ancho cintura asi piernas tendre esperar poder cambiarlo",0,1
"239",239,1754,"color azul tal foto pedi talla quedan perfectos estrechos ser mom gusta asi quizas si quisieran quedara ma sueltos deben comprar talla ma tiro alto elasticados buena tela volveria comprar colores u si recomiendo producto",1,0
"240",240,1759,"lindo jeans mezclilla elasticado suelo usar compre talla quedaron perfectos ma cortos abajo tiro alto ma ajustado cuerpo esperaba jeans ma suelto mom bueno momstreach megan u si recomiendo producto",1,0
"241",241,1761,"marca pedi cm cintura caderas quedo bien ojo quedo cualquier jeans skinny etilo mom queria tela elasticada realmente tiro alto u si recomiendo producto",1,0
"242",242,1772,"lindo comodo pedi negro normalmente talla pedi talla quedaron perfectos unico detalle elasticados quedan cintura largo bien vi comentarios decian compre talla ma talla menos depende tipo cuerpo medidas recomiendo vengan tabla medidas u si recomiendo producto",1,0
"243",243,1779,"bajar talla menos regularmente tela suave elastica amo mejores mom jeans encontrado encanta tiro alto bolsillos traseros grandes have lindo atras probare demas colores u si recomiendo producto",1,0
"244",244,1788,"compre negros tela gruesa comodos compre talla queda bien ahora compre azul espera llege u si recomiendo producto",1,0
"245",245,1789,"pedi color blanco talla segura talla marca contextura ma bien normalgruesa talla quedo bastante holgada comoda general elasticados tipicos mom tiesos u si recomiendo producto",1,0
"246",246,1790,"recomiendo comprar misma talla si quieren quede mom si quieren quede justo talla menos lindos u si recomiendo producto",1,0
"247",247,1803,"gusto modelo tela gruesa medium estacion generalmente uso talla marca quedo grande creo modelo ma grandes normal recomiendo u si recomiendo producto",1,0
"248",248,1805,"comprado tres colores enamore calce modelo jeans tiro alto modelan bien cintura piernas tan pitillo comodos tela semi gruesa ende marca trasluce recomendados talla compre talla ma anchos luego usos si lava vuelven tamano original u si recomiendo producto",1,0
"249",249,2027,"comodos lindos suela maximo ideales trotar saltar u si recomiendo producto publicada originalmente adidascom",1,0
"250",250,2337,"u si recomiendo producto",1,0
"251",251,2346,"u si recomiendo producto",1,0
"252",253,2387,"u si recomiendo producto",1,0
"253",254,2395,"excelente u si recomiendo producto",1,0
"254",256,2530,"u si recomiendo producto",1,0
"255",257,2608,"u si recomiendo producto",1,0
"256",258,2609,"u si recomiendo producto",1,0
"257",259,2619,"u si recomiendo producto",1,0
"258",260,2647,"u si recomiendo producto",1,0
"259",261,2730,"u si recomiendo producto",1,0
"260",262,2934,"u si recomiendo producto",1,0
"261",263,3137,"u si recomiendo producto",1,0
"262",264,3239,"u si recomiendo producto",1,0
"263",265,3309,"u si recomiendo producto",1,0
"264",266,3326,"buen producto recomiendo u si recomiendo producto",1,0
"265",267,3330,"u si recomiendo producto",1,0
"266",268,3336,"excelente u si recomiendo producto",1,0
"267",269,3450,"u si recomiendo producto",1,0
"268",272,3491,"u si recomiendo producto",1,0
"269",274,3713,"excelente producto feliz compra u si recomiendo producto",1,0
"270",275,4263,"u si recomiendo producto",1,0
"271",276,4265,"u si recomiendo producto",1,0
"272",277,4279,"u si recomiendo producto",1,0
"273",278,4290,"u si recomiendo producto",1,0
"274",279,4443,"si cumplio expectativas u si recomiendo producto publicada originalmente sodimaccl",1,0
"275",282,4653,"u si recomiendo producto",1,0
"276",283,4768,"compre hace meses buen producto cumple funcion tamano parecido microhondas comun hecho asados problemas unico detalle minutos cumplir tiempo uso seleccionado apaga debe dar poquito ma reloj okay",1,0
"277",284,4775,"compre x comentarios desia buen producto siete meses compra fallo encienden quemadores superiores dise q inoxidable sii oxida mala compra",1,0
"278",285,4776,"compre aun funciona nuevo totalmente recomendado",1,0
"279",286,4784,"alcanza rapidamente temperatura necesaria encanta u si recomiendo producto",1,0
"280",287,4785,"tres meses producto impecable funcionamiento",1,0
"281",288,4792,"buen horno ideal preparaciones diarias u si recomiendo producto",1,0
"282",289,4799,"momento excelente hermoso dos hornos wurdenpedimos",1,0
"283",290,4803,"satisfecha horno comodo grande liviano cumple funcion perfeccion cocino pescados caro pan bizcochos forma ovalada fonos permite facilmente cocinar moldes redondos fallado ademas facil limpiar diseno elegante u si recomiendo producto",1,0
"284",291,4806,"excelente calidad problemas u si recomiendo producto",1,0
"285",292,4809,"buen producto gusto bastante",1,0
"286",293,4810,"cocino pequena actualmente acomodo primera casa pareja horno funcionado excelente hago pan todas semanas queda excelente caro quedan punto si sigues instrucciones temperaturas tiempos recomendados brownie tortas quedado perfectamente horneados humedos lado hacer horneadas pan mes caro pescado par cosillas dulces consumo energia electrica aumento solo mil peso mama tambien horno anos funcionado perfecto creo comentarios negativos leer instrucciones consiguiente uso apropiado producto debe tener espacio respirar vez dejarlo conectado corriente apagas ventilador haga trabajo u si recomiendo producto",1,0
"287",294,4815,"buenisimo logra mantiene buena temperatura facil usar usa espacio capacidad q precalienta rapido todas funciones basicas necesarias uso domestico todas preparaciones quedan perfectas pan queques bizcochos caro etc totalmente recomendable u si recomiendo producto",1,0
"288",295,4817,"funcionado increible compre cyberday recomiendo totalmente",1,0
"289",296,4824,"horno padre funcionaba super bien meses fallaron resistencia superiores cambio somela anos funciona impecable usandolo casi dias",1,0
"290",297,4827,"bueno horno momento funciona impecable recomendable u si recomiendo producto",1,0
"291",298,4828,"horno espacioso cuenta fondo ovalado hornos traen permite insertar moldes queque torta pizza",1,0
"292",299,4836,"buen producto varias piezas pequenas venian abolladas incluso pintura",1,0
"293",300,4850,"excelente compra horno espacioso",1,0
"294",301,4869,"madre quedo feliz regalo funciona corresponde espacioso feliz compra",1,0
"295",302,4874,"tamano adecuado espacios ma reducido bueno fondo caben mejor moldes u si recomiendo producto",1,0
"296",303,4876,"principio bien luego corto tiempo barras superiores prenden",1,0
"297",304,4879,"varias bandejas ma limpieza facil mantener limpio buenas perillas regular temperatura encanto u si recomiendo producto",1,0
"298",305,4882,"buen horno calienta rapido parejo recomiendo u si recomiendo producto",1,0
"299",306,4884,"u si recomiendo producto",1,0
"300",307,4889,"horno electrico perfecto rapido coccion comidas enamore horno u si recomiendo producto",1,0
"301",308,4890,"buen producto momento cumple expectativas pan pasteles realizado ademas consume gran cantidad energia recomiendo u si recomiendo producto",1,0
"302",309,4896,"cumple efectivamente funcion compre uso casero bueno u si recomiendo producto",1,0
"303",310,4903,"gusto bastante facil usar limpiar rapido eficiente u si recomiendo producto",1,0
"304",311,4905,"facil utilizar buen producto regalo aniversario cumplio todas expectativas u si recomiendo producto",1,0
"305",312,4907,"horno util conformes buen tamano regulacion horneado madre acostumbrada horno electricoexcelente u si recomiendo producto",1,0
"306",313,4911,"u si recomiendo producto",1,0
"307",314,4912,"liviano facil manipular buenas opciones cocinar distintas temperaturas modos coccion",1,0
"308",315,4916,"u si recomiendo producto",1,0
"309",316,4917,"u si recomiendo producto",1,0
"310",317,4918,"compre hace meses resultado fantastico practico lindo hornea rapido asi usar horno grande tiempo mucha capacidad super recomendable u si recomiendo producto",1,0
"311",318,4919,"espacioso calienta rapido excelente producto u si recomiendo producto",1,0
"312",319,4925,"u si recomiendo producto",1,0
"313",320,4927,"f<e1>cil manipular transportar buen volumen buenos eccesorios u si recomiendo producto",1,0
"314",321,4931,"u si recomiendo producto",1,0
"315",322,4940,"esperaba facil usar limpiar u si recomiendo producto",1,0
"316",323,4942,"ideal practico u si recomiendo producto",1,0
"317",324,4943,"producto cumple expectativas precio bajo cero problemas ahora",1,0
"318",326,4945,"facil uasr cumple queria u si recomiendo producto",1,0
"319",327,4949,"pueden utilizar dos bandejas rejilla junta q permite ahorro energia u si recomiendo producto",1,0
"320",328,4954,"buen producto cocina super bien amplio mismo cantidad producto cabe bastante familia amplia u si recomiendo producto",1,0
"321",329,4955,"buen horno tener parte trasera curva permite cocinar queques casi uso horno cocina permite preparar feliz compra u si recomiendo producto",1,0
"322",330,4957,"excelente horno cocinar calentar bueno feliz compra u si recomiendo producto",1,0
"323",331,4959,"esperaba considerando relacion precio calidad facil operar u si recomiendo producto",1,0
"324",332,4961,"fantastico mejor horneae cosas deliciosas manera facil rapida",1,0
"325",333,4965,"facil usar color diseno bonito tambien economico momento usar",1,0
"326",334,4966,"excelente compre oferta cyberday verdad maravilloso facil usar facil limpiar",1,0
"327",335,4968,"buen producto excelente servicio post venta",1,0
"328",336,4973,"buen producto mejor compre manana inernet retiro tienda pude ir buscar mismo dia tarde",1,0
"329",337,4983,"encanto horno ademas grande super rapido recomendable",1,0
"330",338,4984,"excelente producto recomendando ampliamentefunciona",1,0
"331",339,4985,"excelente producto pan amasado queda maravilloso",1,0
"332",340,4989,"excelente producto gran capacidad multiple funciones",1,0
"333",341,4996,"excelente producto supero expectativas recomiendo cien ciento",1,0
"334",342,5000,"encanto capacidad practico cuece bien",1,0
"335",343,5006,"buen producto momento ningun problema",1,0
"336",344,5011,"malo mes usarlo dimos cuenta timer quedaba pegado perilla giraba significo quemaran cosas creer time funcionaba logico lleve falabella repararan segun orden cambiaron timer ahora nuevamente ocurre mismo avanza queda pegado horrible paredes calientan exceso ojo ahi ahora tendre llevarlo garantia fabricante pppfff si pueden comprarse calidad haganlo ursus malo hornos demostraron contrario",0,1
"337",345,5047,"duro solo meses funciona barra abajo mala opcion compra",0,1
"338",346,5048,"principio maravilloso usabamos manera regular meses fallaron quemadores superiores",0,1
"339",347,5059,"pesimo producto habia comprado modelo vez dejo calentar parte abajo perdi boleta asi compre mismo modelo ahora apenas pasado mes seis dias caliente parte superior inferior compren buena compra",0,1
"340",348,5060,"compre hace meses ahora ningun problema funciona super bien encanta bandeja abajo pueda sacar limpiar mejor ma facil u si recomiendo producto",1,0
"341",349,5068,"lindo elelgante demasiado gtande espacio fisico necesitaba u si recomiendo producto",1,0
"342",350,5072,"horno compre hace casi ano meses empezo fallar parte superior compre comentarios muchas persona decian marca buena comprar horno falla decepciono",0,1
"343",351,5078,"contento horno queda excelente rico muchas gracias",1,0
"344",352,5086,"livianp bonito cumple super bien funcion calentamiento buen regalo mama u si recomiendo producto",1,0
"345",353,5089,"fallaron barras superiores dos oportunidades",0,1
"346",354,5090,"excelente grande maravilloso",1,0
"347",355,5092,"exelente producto super comodo facil usar limpiar",1,0
"348",356,5093,"horno fallo primer ano uso quemadores superiores leido comentarios relacion verdad desarme horno descubri primer conector sulfatado desconectado cable corto tira conector limpie alicates aprete nuevamente quedo nuevo u si recomiendo producto",0,1
"349",357,5096,"funcionaba bien pasado mes medio prende parte superior decepcion tenia buena impresion marca",0,1
"350",358,5101,"llego despues mes casi meses llamando dias falabella nadie sabia dar respuesta clara insistir llego menos llego buen problemas lamentablemente pus suerte u si recomiendo producto",0,1
"351",359,5102,"llego programado funcionado bien u si recomiendo producto",1,0
"352",360,5103,"producto buen tamano cumple funcion poder asar quiere usar horno grande sirvio hacer postres creme brule general buen producto unico malo compre precio normal veces baja bastante precio u si recomiendo producto",1,0
"353",361,5112,"excelente producto usar dos bandejas vez hornea rapido util usarlo dia dia u si recomiendo producto",1,0
"354",362,5115,"malo alcanzo durar meses servicio tecnico atencion pesima ma mes nuevamente echo perder",0,1
"355",363,5125,"compre hace anos funciona exelente hace calentaba bien patita termo estato q habia soltado primera perilla dentro solo q apretarla listo si alguien pasa u si recomiendo producto",1,0
"356",364,5129,"buena capacidad cocer varias cosas vez ideal quincho u si recomiendo producto",1,0
"357",365,5130,"principio funciono bien luego par meses dejaron encender resistencias superiores decepcion considerando precio producto",0,1
"358",366,5133,"maravilloso producto recomendado",1,0
"359",367,5137,"buen producto solo cable corto demas recomendable",1,0
"360",368,5138,"hago queque biscochos horno electrico funciona esperaba u si recomiendo producto",1,0
"361",369,5147,"amplio facil usar u si recomiendo producto",1,0
"362",370,5148,"elegante liviano rapido completo funciones facil lavar si si deberias comprar u si recomiendo producto",1,0
"363",371,5150,"buen horno calienta super rapido parejito mejor u si recomiendo producto",1,0
"364",372,5153,"calidad buenisima coccion pareja regulador automatico temperatura consume demasiada energia mejor valor excelente tres bbb u si recomiendo producto",1,0
"365",373,5154,"u si recomiendo producto",1,0
"366",374,5158,"excelente compra buen tamano facil manejo rapido u si recomiendo producto",1,0
"367",375,5169,"ma esperaba sistema curvo hace ma concentracion calor alimentos rapida coccion u si recomiendo producto",1,0
"368",376,5172,"cumple expectativas u si recomiendo producto",1,0
"369",377,5174,"buena calidad puedes hornear pan dulces carne pescados facil limpiar recomiendo u si recomiendo producto",1,0
"370",378,5181,"u si recomiendo producto",1,0
"371",379,5186,"u si recomiendo producto",1,0
"372",380,5193,"horno facil utilizar buena potencia cocciones tipo realidad buena inversion comprarlo llevo ano generado ningun problema recomiendo",1,0
"373",381,5195,"u si recomiendo producto",1,0
"374",382,5199,"u si recomiendo producto",1,0
"375",383,5200,"facil usar limpiar ocupa demasiado espacio ubicarlo u si recomiendo producto",1,0
"376",384,5203,"liviano buen porte facil usar buena potencia u si recomiendo producto",1,0
"377",385,5216,"facil usar buena calidad u si recomiendo producto",1,0
"378",386,5217,"buen producto acuerdo valor u si recomiendo producto",1,0
"379",387,5218,"cumple todas espectatvas u si recomiendo producto",1,0
"380",388,5222,"horno cumple die proveedor u si recomiendo producto",1,0
"381",389,5232,"buen producto excelente rendimiento perfecto buen tiempo entrega producto excelente servicio funciona dia hoy bien",1,0
"382",390,5237,"excelente producto preparar masas",1,0
"383",391,5239,"cocina implemento ideal uso espectacular",1,0
"384",392,5242,"compramos novios tenemod salio bueno recomendamos",1,0
"385",393,5244,"encanto compre hacer panecito sur vivo montanas companero ideal",1,0
"386",394,5245,"excelente producto buen tamano consumo electrico facil limpiar",1,0
"387",395,5246,"buen producto eficiente buena calidad recomiendo absolutamente compre regalo matrimonio quede reina",1,0
"388",396,5247,"encanto horno totalmente agrado hago pollo caro rojas caliento pan funcionado bien meses comodo puedes instalar cualquier lugar ocupa espacio",1,0
"389",397,5249,"buen producto hace meses funciona maravilla",1,0
"390",398,5252,"gusto compre donacion bingo beneficio gano ahora aprovecha maximo",1,0
"391",399,5258,"facil usar espacioso practico bonito",1,0
"392",400,5260,"buen producto buena calidad recomendable",1,0
"393",401,5263,"recomiendo todas maneras alcanza temperatura deseada rapidamente distintos niveles calor mejor facil limpiar",1,0
"394",402,5268,"producto calidad espacioso liviano trasnporte buena calidad recomiendo",1,0
"395",403,5269,"tres meses dejo funcionar lleve servicio tecnico arreglaron termostato similar funciona seguido decir prende apaga mucha frecuencia volvere comprar marca",0,1
"396",404,5272,"maravilloso mejor enlozado facil limpiar encanto",1,0
"397",405,5273,"encanto llevo dos meses horno ocupo dias caro verduras quedan punto bandejas sistema caigan mientras saca evita accidentes fondo curvo permite hacer pizza grandes redondas puede limpiar manera facil liviano espiedo funciona bkn simplemente ame recomiendo",1,0
"398",406,5277,"super buen producto solo detalle timer mide tiempo suena suficientemente fuerte",1,0
"399",407,5278,"buen producto hace ano funcionado super bien fondo ovalado bueno pones moldes fuentes ma grandes",1,0
"400",408,5279,"ano quemaron barras resistencias funciona ma ademas servicio tecnico v region pesimo ut",1,0
"401",409,5284,"buen producto amplio facil usar spiedo funciona bien ideal masas caro recomiendo",1,0
"402",410,5286,"buenisima plancha verdad tira harto vapor",1,0
"403",411,5287,"experiencia producto excelente puedo recomendar espacioso forma curva parte baja bandeja residuos ahorrativo consumo electricidad ocupado dos meses dulces caro ultimo siempre papel alusa cuidar manchar interior",1,0
"404",412,5290,"mes haber comprado horno mientras cocinaba <U+00B0> vidrio puesta explota rompiendose mil pedazos decepcion",0,1
"405",413,5291,"buen producto precio conveniente tienda",1,0
"406",414,5293,"genial productorapidoseguro funcional conforme compra agradecida atencion",1,0
"407",415,5294,"bueno calienta demasiado parte arriba u si recomiendo producto",1,0
"408",416,5297,"buenisimo horno cocina perfeccion facil uso recomendado u si recomiendo producto",1,0
"409",417,5300,"ahora bien aunque perilla tiempo parece bien sincronizada gran problema u si recomiendo producto",1,0
"410",418,5302,"modelo ursus trotter asador tridente asar pollo u si recomiendo producto",1,0
"411",419,5304,"buen producto momento funcionado ningufffdn problema cocinando maravilla u si recomiendo producto",1,0
"412",420,5305,"llevo ma ufffd funciona bien recomiendo totalmente u si recomiendo producto",1,0
"413",422,5444,"creo falta potencia demora triturar super buena conveniente",1,0
"414",423,5519,"buen producto u si recomiendo producto publicada originalmente sodimaccl",1,0
"415",424,5559,"u si recomiendo producto",1,0
"416",425,5570,"u si recomiendo producto",1,0
"417",426,5574,"u si recomiendo producto",1,0
"418",427,5584,"u si recomiendo producto",1,0
"419",428,5591,"u si recomiendo producto",1,0
"420",429,5702,"u si recomiendo producto",1,0
"421",430,5703,"u si recomiendo producto",1,0
"422",431,5705,"u si recomiendo producto",1,0
"423",432,5708,"u si recomiendo producto",1,0
"424",433,6184,"u si recomiendo producto",1,0
"425",434,6188,"u si recomiendo producto",1,0
"426",435,6196,"u si recomiendo producto",1,0
"427",436,6237,"comodo u si recomiendo producto",1,0
"428",438,6268,"u si recomiendo producto",1,0
"429",439,6269,"excelente cama comoda u si recomiendo producto",1,0
"430",440,6271,"u si recomiendo producto",1,0
"431",441,6287,"u si recomiendo producto",1,0
"432",442,6297,"excelente producto u si recomiendo producto",1,0
"433",443,6351,"buen producto cumplio todas expectativas",1,0
"434",444,6785,"compre febrero ahora cero problema u si recomiendo producto",1,0
"435",445,6809,"buen producto u si recomiendo producto",1,0
"436",446,6830,"practico u si recomiendo producto",1,0
"437",447,6964,"buen producto recomiendo u si recomiendo producto",1,0
"438",448,6981,"buen producto recomiendo u si recomiendo producto",1,0
"439",449,6995,"linda colchon duro recomiendo uso despierto dolor espalda logro tener sueno reparador arrepentida compra consultando si puedo devolver guarde plasticos cajas",1,0
"440",450,7001,"pesima calidad compre hija pasado meses hundido",0,1
"441",451,7009,"excelente super comodo alto encanto demoro alta demanda compre oferta maravilla",1,0
"442",452,7015,"horrible pesimo duro meses sienten resortes incomodo dormir persona obesas",0,1
"443",453,7016,"excelente cama colchon blando justo punto hace dos semanas encanto buscaba colchon plano hundiera dormir cumplio expectativas cama bonita base alta patas madera firmes sistema anclar base llego perfectas condiciones recomendada u si recomiendo producto",1,0
"444",454,7031,"buena calidad patas firmes aunque respaldo ma fragil colchon maximo",1,0
"445",455,7032,"cumplio expectativas da buen descanso u si recomiendo producto",1,0
"446",456,7046,"producto bueno entrega pesima cumplen fechas",1,0
"447",457,7047,"ma liviano ortopedic anterior faltarian persona explique ma producto u si recomiendo producto",1,0
"448",458,7052,"comodo demoro llegar u si recomiendo producto",1,0
"449",459,7055,"buen producto llego fecha correspondia",1,0
"450",460,7059,"comodo dormimos marido bebe meses realmente necesitabamos mejor cic llega fecha corresponde despachos falabella cic envia directo bodega u si recomiendo producto",1,0
"451",461,7060,"comodo permite descanso reparador u si recomiendo producto",1,0
"452",462,7066,"taaan firme si comodo venia horas sueno jaja puedo levantar realmente comodo",1,0
"453",463,7070,"buen colchon comodo persona problemas fisicos ayuda dormir relajados almohadas super comodas blandas",1,0
"454",464,7084,"malisimo duro sienten resortes",0,1
"455",465,7085,"cama bien producto demoro llegar meses llego veladores quebrado pienso esperar dos meses ma tener solucion",0,1
"456",466,7104,"comodo dormir liviano mover asear cama etc u si recomiendo producto",1,0
"457",467,7112,"comodo facil transportar gusto recomiendo u si recomiendo producto",1,0
"458",468,7116,"excelente producto compre temor colchon ortopedico resistente blando primera capa u si recomiendo producto",1,0
"459",469,7118,"compramos ase momento bien super comoda linda encanto u si recomiendo producto",1,0
"460",470,7122,"comodo excelente producto encantado comodidad suave mantiene forma contento compra u si recomiendo producto",1,0
"461",471,7137,"totalmente recomen dado colchon cumple todas cualidades necesita lograr sueno reponedor u si recomiendo producto",1,0
"462",472,7149,"excelente buena calidad comodo especial descansar sufro dolor espaldas u si recomiendo producto",1,0
"463",473,7156,"buena cama comoda suave u si recomiendo producto",1,0
"464",474,7160,"liviano especial persona dolor espalda acomoda cuerpo bebe toallita humeda facil limpiar u si recomiendo producto",1,0
"465",475,7161,"bastante comodo firme regalamos persona tercera edad ajusta bien persona u si recomiendo producto",1,0
"466",476,7162,"comodo cumple espectativas u si recomiendo producto",1,0
"467",477,7181,"colchon base firme llevo semana encanta u si recomiendo producto",1,0
"468",478,7183,"precios a bajado todas tiendas falabella sigue igual iran bajar u si recomiendo producto",1,0
"469",479,7188,"comoda rica cama feliz compra u si recomiendo producto",1,0
"470",480,7191,"compre hace momento bien",1,0
"471",481,7192,"delicia suave confortable proporciona buen descanso feliz",1,0
"472",482,7195,"producto bastante comodo incluye armado dicen publicacion respaldo trozo madera veladores cumplen funcion cama comoda",1,0
"473",483,7196,"comodo dolor espalda comenzo desaparecer primera noche notum diferencia",1,0
"474",484,7197,"excelente colchon comodo rico duro hace perfecto espalda entrega tiempo acordado",1,0
"475",485,7200,"hace tiempo uso linea ahora modernizo modelo genial comodo suave",1,0
"476",486,7202,"super comodo firme recomiendo totalmente u si recomiendo producto",1,0
"477",487,7204,"rango precio bueno comodo firme",1,0
"478",488,7214,"colchon bastante comodo solo recomiendo comprarlo tienda tiempos envio falabella pueden superar mes atraso responden ningun medio momento reclamar",1,0
"479",489,7219,"colchon firme buscando u si recomiendo producto",1,0
"480",490,7224,"excelente producto conforme comodo",1,0
"481",491,7229,"facil armar buenisimo colchon buenas terminaciones disfrutandola u si recomiendo producto",1,0
"482",492,7230,"anos utilizado linea ortopedic gusta estabilidad soporte nivel cuerpo colchones hundes area mayor concentracion peso parte caderas hombros fabuloso pueda retirar funda lavarla u si recomiendo producto",1,0
"483",493,7231,"comodo tal imagine u si recomiendo producto",1,0
"484",494,7232,"comodo regalo usuaria quedo feliz hace tiempo sentia colchon diera tanta comodidad u si recomiendo producto",1,0
"485",495,7233,"momento excelente u si recomiendo producto",1,0
"486",496,7237,"llego indicado igual foto justo k necesitaba perfecta",1,0
"487",497,7249,"buena cama colchon comodo firme base gusta siento q liviana loq nose cuan durable tiempo",1,0
"488",498,7251,"blando duro medio sirve dolor musco esqueletico quede conforme u si recomiendo producto",1,0
"489",499,7256,"suave duerme bien colchon gran cambio u si recomiendo producto",1,0
"490",500,7258,"bastante facil armar base colchon firme comodo u si recomiendo producto",1,0
"491",501,7259,"colchon comodo llego dia senalado falabella puntuales preocupados u si recomiendo producto",1,0
"492",502,7263,"comodo cumple expectativas u si recomiendo producto",1,0
"493",503,7268,"excelente cama comodo cumple totalmente funcion",1,0
"494",505,7279,"totalmente recomendable adios dolor espalda u si recomiendo producto",1,0
"495",506,7297,"confortable recomiendo todas maneras u si recomiendo producto",1,0
"496",507,7302,"facil subir base segundo piso decir colchon super blandito solo tener cuidado separe base u si recomiendo producto",1,0
"497",508,7309,"excelente juego cama confort recomendado",1,0
"498",509,7310,"padre encanto cama buena solofalta manual poder armar dificultad",1,0
"499",510,7312,"si quiere dormir bien descansar recomiendo cama aseguro arrepentiran",1,0
"500",511,7315,"excelente compra calidad manufactura producto tela suave adapta facilidad peso cuerpo proporciona buen descanso",1,0
"501",512,7320,"excelente relacion preciocalidad totalmente recomendable",1,0
"502",513,7322,"excelente cama comoda bastante amplia full recomendable",1,0
"503",514,7324,"buen colchon suave tampoco duro termino medio perfecto",1,0
"504",515,7325,"excelente cama comoda amplia facil armado recomendada",1,0
"505",516,7330,"colchon meses uso sienten resortes blando recomiendo",1,0
"506",517,7332,"colchon duro usado dia noches podido dormir bien ninguna duele espalda",1,0
"507",518,7334,"llego cama venia pessimo jamas venia pernos colocar base unico bueno colchon bueno dieron nunca solucion ma meses esperando final pedi devolucion dinero",1,0
"508",519,7336,"comodo comparacion colchon anterior supero expectativas",1,0
"509",520,7341,"buena textura ductibilidad precisa u si recomiendo producto",1,0
"510",521,7342,"totalmente comodo recomendable",1,0
"511",522,7353,"excelente buena calidad definitivamente recomendable deben cuidar trazabilidad transportistas tratan productos deben refiero base llego dano espero mejoren gracias",1,0
"512",523,7354,"unico detalle respaldo debes romper tapis base colocar anclaje colchon ensuenos",1,0
"513",524,7355,"llego fecha acordada tal have foto colchon adapta cuerpo buena calidad general",1,0
"514",525,7356,"colchon duro menos meses sienten resortes pesima compra",0,1
"515",526,7357,"colchon pesimo meses uso salio resortes",0,1
"516",527,7360,"llego fecha acordada buena cama",1,0
"517",528,7363,"comoda ademas llegar dia programado excelente servicio u si recomiendo producto",1,0
"518",529,7370,"acolchada espalda calza perfectamente incluso almohada recomiendo aquellos ultimamente cuarentena sentido incomodez espalda ortopedica firme centrada u si recomiendo producto",1,0
"519",530,7376,"calidad patas have buena",1,0
"520",531,7385,"facil armar viene accesorios facilitar instalacion u si recomiendo producto",1,0
"521",532,7396,"suave comodo justo necesitaba u si recomiendo producto",1,0
"522",533,7403,"buen producto super comodo despacho llego dia dijeron u si recomiendo producto",1,0
"523",534,7406,"comodo lindo unico malo tiempo envio ma mes medio llego",1,0
"524",535,7407,"regale padre solo comentarios positivos producto aparte comodidad facil transportar asi acabo comprar habitacion poder disfrutar igual est colchon u si recomiendo producto",1,0
"525",536,7409,"realmente excelente producto si gustan camas ortopedicas u si recomiendo producto",1,0
"526",537,7412,"colchon despues tiempo logre descansar genus confort buen descanso u si recomiendo producto",1,0
"527",538,7413,"comodo cumple todas expectativas u si recomiendo producto",1,0
"528",539,7420,"facil armar llego fecha indicada contratiempos letras chicas u si recomiendo producto",1,0
"529",540,7423,"estupenda comoda firme duermen bien u si recomiendo producto",1,0
"530",541,7426,"mejor compra comoda facil armado llego justo fecha estimada",1,0
"531",542,7428,"reconemiendo q pareja discapacidad q ma acostado q pie colchon fenomenal u si recomiendo producto",1,0
"532",543,7430,"producto acuerdo descripci<f3>n buenas condiciones",1,0
"533",544,7432,"comodo posee buena altura u si recomiendo producto",1,0
"534",545,7434,"buena cama recomendable",1,0
"535",546,7437,"comoda compre oferta mejor decision encanta u si recomiendo producto",1,0
"536",547,7442,"comodo alivio espalda u si recomiendo producto",1,0
"537",548,7443,"comodo ajusta persona u si recomiendo producto",1,0
"538",549,7444,"exelente calidad comodo feliz u si recomiendo producto",1,0
"539",550,7451,"colchon permite buen dormir comodo adaptable u si recomiendo producto",1,0
"540",551,7454,"buena cama bonita comoda lamentable incluya respaldo u si recomiendo producto",1,0
"541",552,7457,"compre oferta excelente decision principio cuesta adaptarse colchon ortopedico acostumbras rapido u si recomiendo producto",1,0
"542",553,7458,"encanto colchon super recomendable u si recomiendo producto",1,0
"543",554,7460,"comodo calidad relacion precio u si recomiendo producto",1,0
"544",555,7461,"comodo supero expectativas relacion precio calidad buenisima hecho calidad encuentro economico u si recomiendo producto",1,0
"545",556,7465,"liviano comodo dormir acuesto quedo zeta exquisito colchon u si recomiendo producto",1,0
"546",557,7466,"facil trasladar comodo resistente adapta bien cuerpo u si recomiendo producto",1,0
"547",558,7476,"buenocomodo cumple expectativas u si recomiendo producto",1,0
"548",559,7478,"comodo vez firme u si recomiendo producto",1,0
"549",560,7482,"excelente producto buena calidad",1,0
"550",561,7484,"excelente producto suave permite dormir comodo saludable reparador sueno encanto u si recomiendo producto",1,0
"551",562,7486,"buena calidad comido llego fecha programada excelente servicio u si recomiendo producto",1,0
"552",563,7492,"excelente calidad comodo dormir u si recomiendo producto",1,0
"553",564,7501,"llevo meses cama base bien resistente hijo salta cama soltado quebrado colchon firme persona estan acostumbradas ortopedicpuede ser duro parte prefiero asi dura ma u si recomiendo producto",1,0
"554",565,7504,"buen colchon anatomico deforma comodo u si recomiendo producto",1,0
"555",566,7505,"comodo duradero mejores dormitorios mismo modelo colchon u si recomiendo producto",1,0
"556",567,7509,"buena calidad producto superficie suave firme ser dura comodo descanso u si recomiendo producto",1,0
"557",568,7510,"excelente producto primera compra cic segura producto buena calidad durabilidad despacho fecha estimada compra facil rapida u si recomiendo producto",1,0
"558",569,7516,"ayer llego cama justo fecha indicada facil armado linda comoda u si recomiendo producto",1,0
"559",570,7518,"comoda feliz compra recomiendo exelente u si recomiendo producto",1,0
"560",571,7519,"pesimo producto horrible base cama mala calidad",0,1
"561",572,7521,"facil armado comoda producto recomendado",1,0
"562",573,7524,"colchon carton pesima calidad",0,1
"563",574,7527,"relleno colchon tan malo sientes resortes incrustandose cuerpo permite descansar menos dormir bienincluso peso colchon das cuenta relleno trae compre mes comprar colchon marca",0,1
"564",575,7528,"perfecto colchon llego promocion almohadas agradecimiento especial jovenes trajeron amables atentos pesar horario",1,0
"565",576,7537,"maravilloso color gris claro demasiado elegante comodo ademas venias bien embalado cero falla",1,0
"566",577,7541,"colchon super comodo recomiendo llego fecha estipulada",1,0
"567",578,7543,"excelente colchon cumple todas expectativas ademas ideal embarazada",1,0
"568",579,7544,"gusto malisimo deforma super rapido llevo par meses recomiendo",0,1
"569",580,7545,"colchon base estan bien compre decia traeria dos ruedas dos patas momento llegar recibi cuatro patas metalicas respaldo bonito inestable queda apariencia quedara suelto",1,0
"570",581,7551,"comodo transportable recomendable u si recomiendo producto",1,0
"571",582,7554,"comodo gusto si quedo corto cama midan comprar ma okay llego dia corresponde asiq recomiendo",1,0
"572",583,7559,"esperado producto have ligero respaldo celadores fragil colchon poca densidad recomiendo",1,0
"573",584,7560,"bastante comodo costo barato ademas beneficio elite enviaron gratis u si recomiendo producto",1,0
"574",585,7561,"conforme producto bueno quitaron ciertos malestares cuerpo pudo haber producto colchon anterior contaba mismas caracteristicas actual u si recomiendo producto",1,0
"575",586,7570,"buen colchon recomendable",1,0
"576",587,7576,"buen producto relacion precio firme ser duro otorga buen descanso supero expectativas iniciales recomiendo",1,0
"577",588,7578,"llevaba dos dias usando cama suena demasiado base",0,1
"578",589,7579,"regale abuela duerme forma comoda cuida familiares tambien hace buena compra u si recomiendo producto",1,0
"579",590,7580,"cambiado noches descanso compra producto dormia mal ahora compre colchon cic duermo bien levanto ma animo pues descaso mejor u si recomiendo producto",1,0
"580",591,7581,"encanto colchon principio encontre duro comodo despierto dolor espalda u si recomiendo producto",1,0
"581",592,7582,"comodo colchon foto notum bien cierre sacar forro cubre colchon asi poder lavarlo",1,0
"582",593,7584,"impresionante tenia tantas esperanzas precio definitivamente supera expectativas importante tener colchon buen descanso muchas veces quisieramos invertir ma realmente corazon recomiendo modelo vi gratamente sorprendida",1,0
"583",594,7589,"producto buena calidad momento dificultad promete confortable sienten resortes densidad colchon buenisima calidad tela tambien deformaciones casi mes uso igual primer dia cic demoro cerca tres dias s traerlo garantia anos cic segun informado pioneta recomiendo buena inversion u si recomiendo producto",1,0
"584",595,7594,"producto buena calidad cumple caracteristicas esperadas u si recomiendo producto",1,0
"585",596,7595,"liviano comodo ahora duermo bien u si recomiendo producto",1,0
"586",597,7601,"encantaria comprarmelo mama mucha falta hace u si recomiendo producto",1,0
"587",598,7607,"comodo bueno espalda ser ma duro convencionales u si recomiendo producto",1,0
"588",599,7608,"expende olor desagradable ratos noche fuerte",1,0
"589",600,7617,"comoda blanda buen porte u si recomiendo producto",1,0
"590",601,7619,"u si recomiendo producto",1,0
"591",602,7620,"recomiendo totalmente cama comoda u si recomiendo producto",1,0
"592",603,7622,"u si recomiendo producto",1,0
"593",604,7623,"u si recomiendo producto",1,0
"594",605,7625,"comodo firme u si recomiendo producto",1,0
"595",606,7626,"u si recomiendo producto",1,0
"596",607,7627,"buena cama plaza liviana comoda fasil armar elegante esteticamente u si recomiendo producto",1,0
"597",608,7639,"buen producto comodo lindo diseno precio excelente tener buen descanso tambien servicio despacho eficiente rapidismo u si recomiendo producto",1,0
"598",609,7640,"buen producto acorde precio colchon excelente calidad base firme facil armado u si recomiendo producto",1,0
"599",610,7642,"excelente colchon mejor descanso merecido sufro dolor cronico",1,0
"600",611,7645,"compre hace meses primera noche suena orillas dura resortes sobresalen dura semana compra di aviso falabella disgusto hacen responsables",0,1
"601",612,7648,"colchon bueno tan comodo esperaba quizas cosa acostumbrarse venia regalo dos almohadas nunca llegaron",1,0
"602",613,7651,"imagine mayor comodidad cama casi contrario recomiendo",0,1
"603",614,7661,"maravillosa comoda llego dia incado ayudo bastante dolor espalda",1,0
